box_size,lacunarity
8,1.3196642978778863
16,1.2077642351130549
32,1.1835337139662134
64,1.248704118353818
128,1.3312090266837866
